[{"model": "admin.logentry", "pk": 1, "fields": {"action_time": "2023-11-19T22:27:17.462Z", "user": 1, "content_type": 11, "object_id": "5", "object_repr": "Dobby", "action_flag": 3, "change_message": ""}}, {"model": "admin.logentry", "pk": 2, "fields": {"action_time": "2023-11-19T22:31:16.114Z", "user": 1, "content_type": 11, "object_id": "4", "object_repr": "Dobby", "action_flag": 2, "change_message": "[{\"changed\": {\"fields\": [\"Status\"]}}]"}}, {"model": "admin.logentry", "pk": 3, "fields": {"action_time": "2023-11-19T22:31:41.677Z", "user": 1, "content_type": 11, "object_id": "4", "object_repr": "Dobby", "action_flag": 2, "change_message": "[{\"changed\": {\"fields\": [\"Status\"]}}]"}}, {"model": "admin.logentry", "pk": 4, "fields": {"action_time": "2023-11-19T22:43:06.474Z", "user": 1, "content_type": 10, "object_id": "5", "object_repr": "Comment object (5)", "action_flag": 2, "change_message": "[{\"changed\": {\"fields\": [\"Message\", \"Image\"]}}]"}}, {"model": "admin.logentry", "pk": 5, "fields": {"action_time": "2023-12-05T21:58:18.518Z", "user": 6, "content_type": 8, "object_id": "4", "object_repr": "shelter1@example.com", "action_flag": 2, "change_message": "[{\"changed\": {\"fields\": [\"Name\", \"Address\", \"Phone number\", \"Description\"]}}]"}}, {"model": "admin.logentry", "pk": 6, "fields": {"action_time": "2023-12-05T22:27:21.014Z", "user": 6, "content_type": 8, "object_id": "4", "object_repr": "shelter1@example.com", "action_flag": 2, "change_message": "[{\"changed\": {\"fields\": [\"Avatar\"]}}]"}}, {"model": "admin.logentry", "pk": 7, "fields": {"action_time": "2023-12-05T23:18:49.386Z", "user": 6, "content_type": 8, "object_id": "4", "object_repr": "shelter1@example.com", "action_flag": 2, "change_message": "[{\"changed\": {\"fields\": [\"Avatar\"]}}]"}}, {"model": "admin.logentry", "pk": 8, "fields": {"action_time": "2023-12-05T23:21:22.702Z", "user": 6, "content_type": 8, "object_id": "4", "object_repr": "shelter1@example.com", "action_flag": 2, "change_message": "[{\"changed\": {\"fields\": [\"Avatar\"]}}]"}}, {"model": "admin.logentry", "pk": 9, "fields": {"action_time": "2023-12-05T23:21:45.907Z", "user": 6, "content_type": 8, "object_id": "4", "object_repr": "shelter1@example.com", "action_flag": 2, "change_message": "[{\"changed\": {\"fields\": [\"Avatar\"]}}]"}}, {"model": "admin.logentry", "pk": 10, "fields": {"action_time": "2023-12-05T23:22:24.681Z", "user": 6, "content_type": 8, "object_id": "4", "object_repr": "shelter1@example.com", "action_flag": 2, "change_message": "[{\"changed\": {\"fields\": [\"Avatar\"]}}]"}}, {"model": "admin.logentry", "pk": 11, "fields": {"action_time": "2023-12-05T23:33:03.597Z", "user": 1, "content_type": 8, "object_id": "7", "object_repr": "seeker123@example.com", "action_flag": 3, "change_message": ""}}, {"model": "admin.logentry", "pk": 12, "fields": {"action_time": "2023-12-06T00:38:30.510Z", "user": 8, "content_type": 11, "object_id": "7", "object_repr": "1", "action_flag": 1, "change_message": "[{\"added\": {}}]"}}, {"model": "admin.logentry", "pk": 13, "fields": {"action_time": "2023-12-06T00:38:41.413Z", "user": 8, "content_type": 11, "object_id": "8", "object_repr": "1", "action_flag": 1, "change_message": "[{\"added\": {}}]"}}, {"model": "admin.logentry", "pk": 14, "fields": {"action_time": "2023-12-06T00:38:50.085Z", "user": 8, "content_type": 11, "object_id": "9", "object_repr": "1", "action_flag": 1, "change_message": "[{\"added\": {}}]"}}, {"model": "admin.logentry", "pk": 15, "fields": {"action_time": "2023-12-06T00:39:13.652Z", "user": 8, "content_type": 11, "object_id": "10", "object_repr": "1", "action_flag": 1, "change_message": "[{\"added\": {}}]"}}, {"model": "admin.logentry", "pk": 16, "fields": {"action_time": "2023-12-06T21:40:05.796Z", "user": 6, "content_type": 8, "object_id": "10", "object_repr": "seeker5@example.com", "action_flag": 1, "change_message": "[{\"added\": {}}]"}}, {"model": "admin.logentry", "pk": 17, "fields": {"action_time": "2023-12-07T04:28:06.150Z", "user": 6, "content_type": 11, "object_id": "31", "object_repr": "echo_jia", "action_flag": 2, "change_message": "[{\"changed\": {\"fields\": [\"Status\"]}}]"}}, {"model": "admin.logentry", "pk": 18, "fields": {"action_time": "2023-12-07T19:31:22.763Z", "user": 6, "content_type": 8, "object_id": "5", "object_repr": "shelter2@example.com", "action_flag": 2, "change_message": "[{\"changed\": {\"fields\": [\"Avatar\"]}}]"}}, {"model": "admin.logentry", "pk": 19, "fields": {"action_time": "2023-12-07T19:51:03.540Z", "user": 6, "content_type": 8, "object_id": "4", "object_repr": "shelter1@example.com", "action_flag": 2, "change_message": "[{\"changed\": {\"fields\": [\"Avatar\"]}}]"}}, {"model": "admin.logentry", "pk": 20, "fields": {"action_time": "2023-12-07T21:06:11.943Z", "user": 1, "content_type": 7, "object_id": "2", "object_repr": "seeker1", "action_flag": 2, "change_message": "[{\"changed\": {\"fields\": [\"Status\"]}}]"}}, {"model": "admin.logentry", "pk": 21, "fields": {"action_time": "2023-12-07T21:07:02.170Z", "user": 1, "content_type": 7, "object_id": "2", "object_repr": "seeker1", "action_flag": 2, "change_message": "[{\"changed\": {\"fields\": [\"Status\"]}}]"}}, {"model": "admin.logentry", "pk": 22, "fields": {"action_time": "2023-12-07T21:16:26.826Z", "user": 1, "content_type": 7, "object_id": "2", "object_repr": "seeker1", "action_flag": 2, "change_message": "[{\"changed\": {\"fields\": [\"Status\"]}}]"}}, {"model": "admin.logentry", "pk": 23, "fields": {"action_time": "2023-12-08T22:22:36.661Z", "user": 1, "content_type": 8, "object_id": "15", "object_repr": "brianhomanchon@gmail.com", "action_flag": 3, "change_message": ""}}, {"model": "admin.logentry", "pk": 24, "fields": {"action_time": "2023-12-08T22:41:08.392Z", "user": 1, "content_type": 8, "object_id": "16", "object_repr": "brianhomanchon@gmail.com", "action_flag": 3, "change_message": ""}}, {"model": "admin.logentry", "pk": 25, "fields": {"action_time": "2023-12-08T23:42:45.678Z", "user": 8, "content_type": 11, "object_id": "37", "object_repr": "pet2", "action_flag": 2, "change_message": "[{\"changed\": {\"fields\": [\"Image\"]}}]"}}, {"model": "admin.logentry", "pk": 26, "fields": {"action_time": "2023-12-09T00:01:34.619Z", "user": 8, "content_type": 11, "object_id": "3", "object_repr": "Connie", "action_flag": 2, "change_message": "[{\"changed\": {\"fields\": [\"Image\"]}}]"}}, {"model": "admin.logentry", "pk": 27, "fields": {"action_time": "2023-12-09T01:07:52.529Z", "user": 8, "content_type": 11, "object_id": "24", "object_repr": "test", "action_flag": 2, "change_message": "[{\"changed\": {\"fields\": [\"Status\"]}}]"}}, {"model": "admin.logentry", "pk": 28, "fields": {"action_time": "2023-12-09T01:07:58.635Z", "user": 8, "content_type": 11, "object_id": "26", "object_repr": "test", "action_flag": 2, "change_message": "[{\"changed\": {\"fields\": [\"Status\"]}}]"}}, {"model": "admin.logentry", "pk": 29, "fields": {"action_time": "2023-12-09T01:08:04.078Z", "user": 8, "content_type": 11, "object_id": "19", "object_repr": "test", "action_flag": 2, "change_message": "[{\"changed\": {\"fields\": [\"Status\"]}}]"}}, {"model": "admin.logentry", "pk": 30, "fields": {"action_time": "2023-12-09T03:04:52.345Z", "user": 8, "content_type": 8, "object_id": "19", "object_repr": "shelter3@example.com", "action_flag": 2, "change_message": "[{\"changed\": {\"fields\": [\"Name\"]}}]"}}, {"model": "admin.logentry", "pk": 31, "fields": {"action_time": "2023-12-09T03:26:24.068Z", "user": 1, "content_type": 11, "object_id": "8", "object_repr": "1", "action_flag": 2, "change_message": "[{\"changed\": {\"fields\": [\"Shelter\"]}}]"}}, {"model": "admin.logentry", "pk": 32, "fields": {"action_time": "2023-12-09T03:27:47.504Z", "user": 1, "content_type": 11, "object_id": "10", "object_repr": "1", "action_flag": 2, "change_message": "[{\"changed\": {\"fields\": [\"Shelter\"]}}]"}}, {"model": "admin.logentry", "pk": 33, "fields": {"action_time": "2023-12-09T03:27:55.799Z", "user": 1, "content_type": 11, "object_id": "12", "object_repr": "test", "action_flag": 2, "change_message": "[]"}}, {"model": "admin.logentry", "pk": 34, "fields": {"action_time": "2023-12-09T04:44:57.599Z", "user": 8, "content_type": 11, "object_id": "36", "object_repr": "Jason 1", "action_flag": 2, "change_message": "[{\"changed\": {\"fields\": [\"Image\"]}}]"}}, {"model": "admin.logentry", "pk": 35, "fields": {"action_time": "2023-12-09T13:47:56.619Z", "user": 1, "content_type": 7, "object_id": "2", "object_repr": "seeker1", "action_flag": 2, "change_message": "[{\"changed\": {\"fields\": [\"Status\"]}}]"}}, {"model": "admin.logentry", "pk": 36, "fields": {"action_time": "2023-12-09T18:37:41.016Z", "user": 8, "content_type": 8, "object_id": "4", "object_repr": "shelter1@example.com", "action_flag": 2, "change_message": "[{\"changed\": {\"fields\": [\"Avatar\"]}}]"}}, {"model": "auth.permission", "pk": 1, "fields": {"name": "Can add log entry", "content_type": 1, "codename": "add_logentry"}}, {"model": "auth.permission", "pk": 2, "fields": {"name": "Can change log entry", "content_type": 1, "codename": "change_logentry"}}, {"model": "auth.permission", "pk": 3, "fields": {"name": "Can delete log entry", "content_type": 1, "codename": "delete_logentry"}}, {"model": "auth.permission", "pk": 4, "fields": {"name": "Can view log entry", "content_type": 1, "codename": "view_logentry"}}, {"model": "auth.permission", "pk": 5, "fields": {"name": "Can add permission", "content_type": 2, "codename": "add_permission"}}, {"model": "auth.permission", "pk": 6, "fields": {"name": "Can change permission", "content_type": 2, "codename": "change_permission"}}, {"model": "auth.permission", "pk": 7, "fields": {"name": "Can delete permission", "content_type": 2, "codename": "delete_permission"}}, {"model": "auth.permission", "pk": 8, "fields": {"name": "Can view permission", "content_type": 2, "codename": "view_permission"}}, {"model": "auth.permission", "pk": 9, "fields": {"name": "Can add group", "content_type": 3, "codename": "add_group"}}, {"model": "auth.permission", "pk": 10, "fields": {"name": "Can change group", "content_type": 3, "codename": "change_group"}}, {"model": "auth.permission", "pk": 11, "fields": {"name": "Can delete group", "content_type": 3, "codename": "delete_group"}}, {"model": "auth.permission", "pk": 12, "fields": {"name": "Can view group", "content_type": 3, "codename": "view_group"}}, {"model": "auth.permission", "pk": 13, "fields": {"name": "Can add content type", "content_type": 4, "codename": "add_contenttype"}}, {"model": "auth.permission", "pk": 14, "fields": {"name": "Can change content type", "content_type": 4, "codename": "change_contenttype"}}, {"model": "auth.permission", "pk": 15, "fields": {"name": "Can delete content type", "content_type": 4, "codename": "delete_contenttype"}}, {"model": "auth.permission", "pk": 16, "fields": {"name": "Can view content type", "content_type": 4, "codename": "view_contenttype"}}, {"model": "auth.permission", "pk": 17, "fields": {"name": "Can add session", "content_type": 5, "codename": "add_session"}}, {"model": "auth.permission", "pk": 18, "fields": {"name": "Can change session", "content_type": 5, "codename": "change_session"}}, {"model": "auth.permission", "pk": 19, "fields": {"name": "Can delete session", "content_type": 5, "codename": "delete_session"}}, {"model": "auth.permission", "pk": 20, "fields": {"name": "Can view session", "content_type": 5, "codename": "view_session"}}, {"model": "auth.permission", "pk": 21, "fields": {"name": "Can add notification", "content_type": 6, "codename": "add_notification"}}, {"model": "auth.permission", "pk": 22, "fields": {"name": "Can change notification", "content_type": 6, "codename": "change_notification"}}, {"model": "auth.permission", "pk": 23, "fields": {"name": "Can delete notification", "content_type": 6, "codename": "delete_notification"}}, {"model": "auth.permission", "pk": 24, "fields": {"name": "Can view notification", "content_type": 6, "codename": "view_notification"}}, {"model": "auth.permission", "pk": 25, "fields": {"name": "Can add application", "content_type": 7, "codename": "add_application"}}, {"model": "auth.permission", "pk": 26, "fields": {"name": "Can change application", "content_type": 7, "codename": "change_application"}}, {"model": "auth.permission", "pk": 27, "fields": {"name": "Can delete application", "content_type": 7, "codename": "delete_application"}}, {"model": "auth.permission", "pk": 28, "fields": {"name": "Can view application", "content_type": 7, "codename": "view_application"}}, {"model": "auth.permission", "pk": 29, "fields": {"name": "Can add user", "content_type": 8, "codename": "add_user"}}, {"model": "auth.permission", "pk": 30, "fields": {"name": "Can change user", "content_type": 8, "codename": "change_user"}}, {"model": "auth.permission", "pk": 31, "fields": {"name": "Can delete user", "content_type": 8, "codename": "delete_user"}}, {"model": "auth.permission", "pk": 32, "fields": {"name": "Can view user", "content_type": 8, "codename": "view_user"}}, {"model": "auth.permission", "pk": 33, "fields": {"name": "Can add rating", "content_type": 9, "codename": "add_rating"}}, {"model": "auth.permission", "pk": 34, "fields": {"name": "Can change rating", "content_type": 9, "codename": "change_rating"}}, {"model": "auth.permission", "pk": 35, "fields": {"name": "Can delete rating", "content_type": 9, "codename": "delete_rating"}}, {"model": "auth.permission", "pk": 36, "fields": {"name": "Can view rating", "content_type": 9, "codename": "view_rating"}}, {"model": "auth.permission", "pk": 37, "fields": {"name": "Can add comment", "content_type": 10, "codename": "add_comment"}}, {"model": "auth.permission", "pk": 38, "fields": {"name": "Can change comment", "content_type": 10, "codename": "change_comment"}}, {"model": "auth.permission", "pk": 39, "fields": {"name": "Can delete comment", "content_type": 10, "codename": "delete_comment"}}, {"model": "auth.permission", "pk": 40, "fields": {"name": "Can view comment", "content_type": 10, "codename": "view_comment"}}, {"model": "auth.permission", "pk": 41, "fields": {"name": "Can add pet", "content_type": 11, "codename": "add_pet"}}, {"model": "auth.permission", "pk": 42, "fields": {"name": "Can change pet", "content_type": 11, "codename": "change_pet"}}, {"model": "auth.permission", "pk": 43, "fields": {"name": "Can delete pet", "content_type": 11, "codename": "delete_pet"}}, {"model": "auth.permission", "pk": 44, "fields": {"name": "Can view pet", "content_type": 11, "codename": "view_pet"}}, {"model": "contenttypes.contenttype", "pk": 1, "fields": {"app_label": "admin", "model": "logentry"}}, {"model": "contenttypes.contenttype", "pk": 2, "fields": {"app_label": "auth", "model": "permission"}}, {"model": "contenttypes.contenttype", "pk": 3, "fields": {"app_label": "auth", "model": "group"}}, {"model": "contenttypes.contenttype", "pk": 4, "fields": {"app_label": "contenttypes", "model": "contenttype"}}, {"model": "contenttypes.contenttype", "pk": 5, "fields": {"app_label": "sessions", "model": "session"}}, {"model": "contenttypes.contenttype", "pk": 6, "fields": {"app_label": "notifications", "model": "notification"}}, {"model": "contenttypes.contenttype", "pk": 7, "fields": {"app_label": "applications", "model": "application"}}, {"model": "contenttypes.contenttype", "pk": 8, "fields": {"app_label": "accounts", "model": "user"}}, {"model": "contenttypes.contenttype", "pk": 9, "fields": {"app_label": "comments", "model": "rating"}}, {"model": "contenttypes.contenttype", "pk": 10, "fields": {"app_label": "comments", "model": "comment"}}, {"model": "contenttypes.contenttype", "pk": 11, "fields": {"app_label": "pets", "model": "pet"}}, {"model": "sessions.session", "pk": "7ql2555jxpnfkjvey6ckl7ips92wlr7s", "fields": {"session_data": ".eJxVjDsOwjAQBe_iGlm2l43XlPQ5g7X-4QBypDipEHeHSCmgfTPzXsLztla_9bz4KYmL0OL0uwWOj9x2kO7cbrOMc1uXKchdkQftcpxTfl4P9--gcq_fWiXUAbUqBgZSjpG0tVZFwqRzLkM0ThNYUygbiwjOYWBAl4yFMxCJ9weuvDY-:1rAvHN:aqHcqt0-WAuGS1zPA1LHoj9_euUcz83Gigd8ek5gHb8", "expire_date": "2023-12-20T17:01:45.941Z"}}, {"model": "sessions.session", "pk": "ax65mgsweg177z9mkw6x0lwx8vnws0ed", "fields": {"session_data": ".eJxVjEsOwjAMBe-SNYpSp7UDS_Y9Q-TYKS2gROpnhbg7VOoCtm9m3stE3tYxbkue46TmYhpz-t0SyyOXHeidy61aqWWdp2R3xR50sX3V_Lwe7t_ByMv4rZmgSxiCevDOYQDBjhpMAgMgEQdV1DMxcIuowZOEYeg8ZXYtCoB5fwC-ojch:1rAafC:Tpxh902aUoHCNSGZAgqQOPodxaaVKiFwwdf6mas77aw", "expire_date": "2023-12-19T19:00:58.610Z"}}, {"model": "sessions.session", "pk": "i8rerwryxytlzx8fdk95y3rp37mytm66", "fields": {"session_data": ".eJxVjDsOwyAQRO9CHSG-C6RM7zMg2MXBSYQlY1dR7h5bcpFMOe_NvFlM21rj1ssSJ2JXBuzy2-WEz9IOQI_U7jPHua3LlPmh8JN2PsxUXrfT_Tuoqdd9HbJQSpGwRBrRgoQ9QhojnEeNwmWAMRenAZxVPiTSWvqAUpkRwDv2-QK2XDZh:1rAdLP:oQZLPbw9KcSwMzXzgh6tMfgmGna0-f76dw7KRLCp3Kg", "expire_date": "2023-12-19T21:52:43.606Z"}}, {"model": "sessions.session", "pk": "owm4rhfhwg6fakzgs8wwljj093fnll7w", "fields": {"session_data": ".eJxVjEEOwiAQRe_C2hCgQMGle89AhpmpVA0kpV0Z765NutDtf-_9l0iwrSVtnZc0kziLIE6_WwZ8cN0B3aHemsRW12XOclfkQbu8NuLn5XD_Dgr08q0VjzECqXEwGrPJSBNwZhtC1M54a8hkHxSQVs4OqK1DVk5THKbgNaJ4fwDqlTfG:1rAesR:gchITZ8ayOkGBrDdfBbuy7DeKCtpl5QxBpV_1VSiMYs", "expire_date": "2023-12-19T23:30:55.894Z"}}, {"model": "sessions.session", "pk": "rqcexqaeugw7q3zf43jbiyc4qv4rmzi8", "fields": {"session_data": ".eJxVjDsOwyAQRO9CHSG-C6RM7zMg2MXBSYQlY1dR7h5bcpFMOe_NvFlM21rj1ssSJ2JXBuzy2-WEz9IOQI_U7jPHua3LlPmh8JN2PsxUXrfT_Tuoqdd9HbJQSpGwRBrRgoQ9QhojnEeNwmWAMRenAZxVPiTSWvqAUpkRwDv2-QK2XDZh:1rBI1L:n4XhRknU7TayZSoB6lDVvCyQg1j52GMOAES2HeXwo6g", "expire_date": "2023-12-21T17:18:43.413Z"}}, {"model": "sessions.session", "pk": "rzxmqwy0ano3rfxfybt56bolz3mnh7rf", "fields": {"session_data": ".eJxVjDsOwjAQBe_iGlm2l43XlPQ5g7X-4QBypDipEHeHSCmgfTPzXsLztla_9bz4KYmL0OL0uwWOj9x2kO7cbrOMc1uXKchdkQftcpxTfl4P9--gcq_fWiXUAbUqBgZSjpG0tVZFwqRzLkM0ThNYUygbiwjOYWBAl4yFMxCJ9weuvDY-:1rAeof:a9-tMUD7IEMGr8i-7VCWErrCwDYLSCxqosAFhRcCVeQ", "expire_date": "2023-12-19T23:27:01.595Z"}}, {"model": "sessions.session", "pk": "v913m24wx3nxys0tiksyv6618m74fkqd", "fields": {"session_data": ".eJxVjDsOwjAQBe_iGlm2l43XlPQ5g7X-4QBypDipEHeHSCmgfTPzXsLztla_9bz4KYmL0OL0uwWOj9x2kO7cbrOMc1uXKchdkQftcpxTfl4P9--gcq_fWiXUAbUqBgZSjpG0tVZFwqRzLkM0ThNYUygbiwjOYWBAl4yFMxCJ9weuvDY-:1r4pxM:1kGWvxJluwTA7KsIvvzC3MvAnbxphX4zFBfn1hrVkfA", "expire_date": "2023-12-03T22:07:56.888Z"}}, {"model": "notifications.notification", "pk": 1, "fields": {"user": 5, "content_type": 7, "object_id": 1, "is_read": false, "action_code": "C", "creation_time": "2023-11-19T22:31:34.782Z"}}, {"model": "notifications.notification", "pk": 2, "fields": {"user": 4, "content_type": 7, "object_id": 2, "is_read": true, "action_code": "C", "creation_time": "2023-11-19T22:37:58.789Z"}}, {"model": "notifications.notification", "pk": 3, "fields": {"user": 4, "content_type": 7, "object_id": 3, "is_read": false, "action_code": "C", "creation_time": "2023-11-19T22:38:20.478Z"}}, {"model": "notifications.notification", "pk": 4, "fields": {"user": 4, "content_type": 10, "object_id": 1, "is_read": false, "action_code": "C", "creation_time": "2023-11-19T22:40:56.939Z"}}, {"model": "notifications.notification", "pk": 8, "fields": {"user": 5, "content_type": 10, "object_id": 5, "is_read": false, "action_code": "C", "creation_time": "2023-11-19T22:41:58.504Z"}}, {"model": "notifications.notification", "pk": 9, "fields": {"user": 5, "content_type": 10, "object_id": 6, "is_read": false, "action_code": "C", "creation_time": "2023-11-19T22:42:12.900Z"}}, {"model": "notifications.notification", "pk": 10, "fields": {"user": 5, "content_type": 10, "object_id": 7, "is_read": false, "action_code": "C", "creation_time": "2023-11-19T22:42:15.943Z"}}, {"model": "notifications.notification", "pk": 11, "fields": {"user": 5, "content_type": 10, "object_id": 8, "is_read": false, "action_code": "C", "creation_time": "2023-11-19T22:42:20.008Z"}}, {"model": "notifications.notification", "pk": 12, "fields": {"user": 4, "content_type": 10, "object_id": 9, "is_read": false, "action_code": "C", "creation_time": "2023-12-06T22:16:51.950Z"}}, {"model": "notifications.notification", "pk": 13, "fields": {"user": 4, "content_type": 10, "object_id": 10, "is_read": false, "action_code": "C", "creation_time": "2023-12-06T22:16:53.421Z"}}, {"model": "notifications.notification", "pk": 14, "fields": {"user": 4, "content_type": 10, "object_id": 11, "is_read": false, "action_code": "C", "creation_time": "2023-12-06T22:16:54.514Z"}}, {"model": "notifications.notification", "pk": 15, "fields": {"user": 4, "content_type": 10, "object_id": 12, "is_read": false, "action_code": "C", "creation_time": "2023-12-06T22:16:55.355Z"}}, {"model": "notifications.notification", "pk": 16, "fields": {"user": 4, "content_type": 10, "object_id": 13, "is_read": true, "action_code": "C", "creation_time": "2023-12-06T22:16:56.240Z"}}, {"model": "notifications.notification", "pk": 17, "fields": {"user": 4, "content_type": 10, "object_id": 14, "is_read": true, "action_code": "C", "creation_time": "2023-12-06T22:16:57.048Z"}}, {"model": "notifications.notification", "pk": 18, "fields": {"user": 4, "content_type": 10, "object_id": 15, "is_read": true, "action_code": "C", "creation_time": "2023-12-06T22:16:57.812Z"}}, {"model": "notifications.notification", "pk": 22, "fields": {"user": 5, "content_type": 10, "object_id": 19, "is_read": false, "action_code": "C", "creation_time": "2023-12-07T02:31:48.487Z"}}, {"model": "notifications.notification", "pk": 23, "fields": {"user": 5, "content_type": 10, "object_id": 20, "is_read": false, "action_code": "C", "creation_time": "2023-12-07T02:32:00.963Z"}}, {"model": "notifications.notification", "pk": 24, "fields": {"user": 5, "content_type": 10, "object_id": 21, "is_read": false, "action_code": "C", "creation_time": "2023-12-07T02:32:06.196Z"}}, {"model": "notifications.notification", "pk": 25, "fields": {"user": 2, "content_type": 10, "object_id": 22, "is_read": false, "action_code": "C", "creation_time": "2023-12-07T02:32:27.486Z"}}, {"model": "notifications.notification", "pk": 26, "fields": {"user": 2, "content_type": 10, "object_id": 23, "is_read": false, "action_code": "C", "creation_time": "2023-12-07T02:32:31.442Z"}}, {"model": "notifications.notification", "pk": 27, "fields": {"user": 4, "content_type": 10, "object_id": 24, "is_read": true, "action_code": "C", "creation_time": "2023-12-07T02:38:28.492Z"}}, {"model": "notifications.notification", "pk": 28, "fields": {"user": 4, "content_type": 10, "object_id": 25, "is_read": true, "action_code": "C", "creation_time": "2023-12-07T02:40:32.043Z"}}, {"model": "notifications.notification", "pk": 29, "fields": {"user": 4, "content_type": 10, "object_id": 26, "is_read": true, "action_code": "C", "creation_time": "2023-12-07T02:40:46.046Z"}}, {"model": "notifications.notification", "pk": 30, "fields": {"user": 4, "content_type": 10, "object_id": 27, "is_read": true, "action_code": "C", "creation_time": "2023-12-07T02:41:17.336Z"}}, {"model": "notifications.notification", "pk": 31, "fields": {"user": 2, "content_type": 10, "object_id": 28, "is_read": false, "action_code": "C", "creation_time": "2023-12-07T07:08:43.435Z"}}, {"model": "notifications.notification", "pk": 32, "fields": {"user": 2, "content_type": 10, "object_id": 31, "is_read": false, "action_code": "C", "creation_time": "2023-12-07T07:23:31.323Z"}}, {"model": "notifications.notification", "pk": 34, "fields": {"user": 2, "content_type": 10, "object_id": 33, "is_read": false, "action_code": "C", "creation_time": "2023-12-07T07:29:31.726Z"}}, {"model": "notifications.notification", "pk": 37, "fields": {"user": 5, "content_type": 7, "object_id": 4, "is_read": true, "action_code": "C", "creation_time": "2023-12-07T18:41:57.978Z"}}, {"model": "notifications.notification", "pk": 38, "fields": {"user": 5, "content_type": 10, "object_id": 36, "is_read": false, "action_code": "C", "creation_time": "2023-12-07T18:54:58.123Z"}}, {"model": "notifications.notification", "pk": 39, "fields": {"user": 5, "content_type": 10, "object_id": 37, "is_read": false, "action_code": "C", "creation_time": "2023-12-07T18:55:12.742Z"}}, {"model": "notifications.notification", "pk": 40, "fields": {"user": 5, "content_type": 10, "object_id": 38, "is_read": false, "action_code": "C", "creation_time": "2023-12-07T18:55:40.741Z"}}, {"model": "notifications.notification", "pk": 42, "fields": {"user": 5, "content_type": 10, "object_id": 40, "is_read": false, "action_code": "C", "creation_time": "2023-12-07T19:46:23.102Z"}}, {"model": "notifications.notification", "pk": 43, "fields": {"user": 4, "content_type": 10, "object_id": 41, "is_read": true, "action_code": "C", "creation_time": "2023-12-07T19:58:16.946Z"}}, {"model": "notifications.notification", "pk": 44, "fields": {"user": 2, "content_type": 7, "object_id": 1, "is_read": true, "action_code": "U", "creation_time": "2023-12-07T20:31:04.011Z"}}, {"model": "notifications.notification", "pk": 45, "fields": {"user": 2, "content_type": 7, "object_id": 2, "is_read": true, "action_code": "U", "creation_time": "2023-12-07T21:02:05.157Z"}}, {"model": "notifications.notification", "pk": 47, "fields": {"user": 2, "content_type": 7, "object_id": 2, "is_read": true, "action_code": "U", "creation_time": "2023-12-07T21:07:10.955Z"}}, {"model": "notifications.notification", "pk": 54, "fields": {"user": 4, "content_type": 7, "object_id": 2, "is_read": true, "action_code": "U", "creation_time": "2023-12-07T21:17:18.022Z"}}, {"model": "notifications.notification", "pk": 57, "fields": {"user": 2, "content_type": 10, "object_id": 50, "is_read": false, "action_code": "C", "creation_time": "2023-12-07T21:54:02.605Z"}}, {"model": "notifications.notification", "pk": 58, "fields": {"user": 2, "content_type": 10, "object_id": 51, "is_read": false, "action_code": "C", "creation_time": "2023-12-07T22:07:33.718Z"}}, {"model": "notifications.notification", "pk": 60, "fields": {"user": 2, "content_type": 10, "object_id": 53, "is_read": false, "action_code": "C", "creation_time": "2023-12-07T22:19:28.386Z"}}, {"model": "notifications.notification", "pk": 61, "fields": {"user": 2, "content_type": 10, "object_id": 54, "is_read": false, "action_code": "C", "creation_time": "2023-12-07T22:19:30.856Z"}}, {"model": "notifications.notification", "pk": 62, "fields": {"user": 2, "content_type": 10, "object_id": 55, "is_read": false, "action_code": "C", "creation_time": "2023-12-07T22:19:33.912Z"}}, {"model": "notifications.notification", "pk": 63, "fields": {"user": 2, "content_type": 10, "object_id": 56, "is_read": true, "action_code": "C", "creation_time": "2023-12-07T22:19:37.433Z"}}, {"model": "notifications.notification", "pk": 64, "fields": {"user": 2, "content_type": 10, "object_id": 57, "is_read": false, "action_code": "C", "creation_time": "2023-12-07T22:20:27.112Z"}}, {"model": "notifications.notification", "pk": 65, "fields": {"user": 2, "content_type": 10, "object_id": 58, "is_read": false, "action_code": "C", "creation_time": "2023-12-07T22:22:52.150Z"}}, {"model": "notifications.notification", "pk": 73, "fields": {"user": 5, "content_type": 7, "object_id": 5, "is_read": false, "action_code": "C", "creation_time": "2023-12-08T00:22:21.462Z"}}, {"model": "notifications.notification", "pk": 74, "fields": {"user": 5, "content_type": 10, "object_id": 66, "is_read": false, "action_code": "C", "creation_time": "2023-12-08T00:29:46.483Z"}}, {"model": "notifications.notification", "pk": 75, "fields": {"user": 5, "content_type": 10, "object_id": 67, "is_read": false, "action_code": "C", "creation_time": "2023-12-08T00:30:41.347Z"}}, {"model": "notifications.notification", "pk": 76, "fields": {"user": 5, "content_type": 10, "object_id": 68, "is_read": false, "action_code": "C", "creation_time": "2023-12-08T00:30:49.005Z"}}, {"model": "notifications.notification", "pk": 77, "fields": {"user": 4, "content_type": 10, "object_id": 69, "is_read": true, "action_code": "C", "creation_time": "2023-12-08T07:12:17.716Z"}}, {"model": "notifications.notification", "pk": 78, "fields": {"user": 5, "content_type": 10, "object_id": 70, "is_read": false, "action_code": "C", "creation_time": "2023-12-09T05:41:11.837Z"}}, {"model": "notifications.notification", "pk": 79, "fields": {"user": 5, "content_type": 10, "object_id": 71, "is_read": false, "action_code": "C", "creation_time": "2023-12-09T05:41:28.399Z"}}, {"model": "notifications.notification", "pk": 80, "fields": {"user": 5, "content_type": 10, "object_id": 72, "is_read": false, "action_code": "C", "creation_time": "2023-12-09T05:44:38.411Z"}}, {"model": "notifications.notification", "pk": 81, "fields": {"user": 5, "content_type": 10, "object_id": 73, "is_read": false, "action_code": "C", "creation_time": "2023-12-09T05:46:01.429Z"}}, {"model": "notifications.notification", "pk": 82, "fields": {"user": 5, "content_type": 10, "object_id": 74, "is_read": false, "action_code": "C", "creation_time": "2023-12-09T06:33:07.546Z"}}, {"model": "notifications.notification", "pk": 83, "fields": {"user": 4, "content_type": 10, "object_id": 75, "is_read": false, "action_code": "C", "creation_time": "2023-12-09T11:32:24.493Z"}}, {"model": "notifications.notification", "pk": 84, "fields": {"user": 4, "content_type": 10, "object_id": 76, "is_read": false, "action_code": "C", "creation_time": "2023-12-09T13:20:04.363Z"}}, {"model": "notifications.notification", "pk": 85, "fields": {"user": 4, "content_type": 10, "object_id": 77, "is_read": false, "action_code": "C", "creation_time": "2023-12-09T13:20:16.062Z"}}, {"model": "notifications.notification", "pk": 86, "fields": {"user": 4, "content_type": 10, "object_id": 78, "is_read": false, "action_code": "C", "creation_time": "2023-12-09T13:26:55.434Z"}}, {"model": "notifications.notification", "pk": 87, "fields": {"user": 4, "content_type": 10, "object_id": 79, "is_read": false, "action_code": "C", "creation_time": "2023-12-09T19:15:57.645Z"}}, {"model": "notifications.notification", "pk": 88, "fields": {"user": 2, "content_type": 7, "object_id": 6, "is_read": false, "action_code": "C", "creation_time": "2023-12-09T20:04:54.878Z"}}, {"model": "notifications.notification", "pk": 89, "fields": {"user": 4, "content_type": 7, "object_id": 7, "is_read": true, "action_code": "C", "creation_time": "2023-12-09T20:25:50.893Z"}}, {"model": "notifications.notification", "pk": 90, "fields": {"user": 2, "content_type": 7, "object_id": 7, "is_read": false, "action_code": "U", "creation_time": "2023-12-09T20:27:36.240Z"}}, {"model": "notifications.notification", "pk": 91, "fields": {"user": 4, "content_type": 10, "object_id": 80, "is_read": true, "action_code": "C", "creation_time": "2023-12-09T20:40:42.236Z"}}, {"model": "notifications.notification", "pk": 92, "fields": {"user": 2, "content_type": 10, "object_id": 81, "is_read": false, "action_code": "C", "creation_time": "2023-12-09T20:41:16.958Z"}}, {"model": "notifications.notification", "pk": 93, "fields": {"user": 4, "content_type": 10, "object_id": 82, "is_read": false, "action_code": "C", "creation_time": "2023-12-09T20:47:29.059Z"}}, {"model": "notifications.notification", "pk": 94, "fields": {"user": 4, "content_type": 10, "object_id": 83, "is_read": false, "action_code": "C", "creation_time": "2023-12-09T20:50:07.501Z"}}, {"model": "notifications.notification", "pk": 95, "fields": {"user": 4, "content_type": 10, "object_id": 84, "is_read": false, "action_code": "C", "creation_time": "2023-12-09T20:50:25.924Z"}}, {"model": "notifications.notification", "pk": 96, "fields": {"user": 4, "content_type": 10, "object_id": 85, "is_read": true, "action_code": "C", "creation_time": "2023-12-09T20:50:37.714Z"}}, {"model": "notifications.notification", "pk": 97, "fields": {"user": 4, "content_type": 10, "object_id": 86, "is_read": true, "action_code": "C", "creation_time": "2023-12-09T20:50:49.097Z"}}, {"model": "notifications.notification", "pk": 98, "fields": {"user": 4, "content_type": 10, "object_id": 87, "is_read": true, "action_code": "C", "creation_time": "2023-12-09T20:50:56.144Z"}}, {"model": "notifications.notification", "pk": 99, "fields": {"user": 2, "content_type": 10, "object_id": 88, "is_read": false, "action_code": "C", "creation_time": "2023-12-09T21:16:09.363Z"}}, {"model": "applications.application", "pk": 1, "fields": {"from_user": 2, "to_user": 5, "pet": 4, "name": "seeker1", "email": "seeker1@example.com", "additional_information": "I have a big house!", "last_updated_time": "2023-12-07T20:31:03.990Z", "created_time": "2023-11-19T22:31:34.779Z", "status": "Accepted"}}, {"model": "applications.application", "pk": 2, "fields": {"from_user": 2, "to_user": 4, "pet": 5, "name": "seeker1", "email": "seeker1@example.com", "additional_information": "I have a big house!", "last_updated_time": "2023-12-09T13:47:56.602Z", "created_time": "2023-11-19T22:37:58.787Z", "status": "Pending"}}, {"model": "applications.application", "pk": 3, "fields": {"from_user": 2, "to_user": 4, "pet": 6, "name": "seeker1", "email": "seeker1@example.com", "additional_information": "I have a big house!", "last_updated_time": "2023-12-08T07:12:17.733Z", "created_time": "2023-11-19T22:38:20.475Z", "status": "Denied"}}, {"model": "applications.application", "pk": 4, "fields": {"from_user": 2, "to_user": 5, "pet": 3, "name": "Hanli Jiang", "email": "123@mail.com", "additional_information": "hello", "last_updated_time": "2023-12-07T18:41:57.943Z", "created_time": "2023-12-07T18:41:57.943Z", "status": "Pending"}}, {"model": "applications.application", "pk": 5, "fields": {"from_user": 12, "to_user": 5, "pet": 3, "name": "tester1", "email": "test@test.com", "additional_information": "hahaahha", "last_updated_time": "2023-12-08T00:30:49.022Z", "created_time": "2023-12-08T00:22:21.427Z", "status": "Pending"}}, {"model": "applications.application", "pk": 6, "fields": {"from_user": 2, "to_user": 2, "pet": 9, "name": "test", "email": "test@mail.com", "additional_information": "2222", "last_updated_time": "2023-12-09T20:04:54.844Z", "created_time": "2023-12-09T20:04:54.844Z", "status": "Pending"}}, {"model": "applications.application", "pk": 7, "fields": {"from_user": 2, "to_user": 4, "pet": 14, "name": "Hanli", "email": "hhanli.jiang@mail.utoronto.ca", "additional_information": "adoption", "last_updated_time": "2023-12-09T21:16:09.380Z", "created_time": "2023-12-09T20:25:50.859Z", "status": "Accepted"}}, {"model": "accounts.user", "pk": 1, "fields": {"password": "pbkdf2_sha256$600000$TU1lZSnccpkFQtXvayp983$EjfIF0mLbE/E/+6bw+0dqS5i2CRtFSggWF+SrDER1Fo=", "last_login": "2023-12-06T17:01:45.911Z", "email": "admin@example.com", "is_active": true, "is_staff": true, "is_superuser": true, "avatar": "users/default_avatar", "user_type": "pet_seeker", "name": "", "address": "", "phone_number": "", "description": "", "groups": [], "user_permissions": []}}, {"model": "accounts.user", "pk": 2, "fields": {"password": "pbkdf2_sha256$600000$j0HTj7LIlide1v8iZMoT8b$5qL3nzht1nxpeBSispk/2iF75Z+oYGTA8Mbdlaa+dkM=", "last_login": null, "email": "seeker1@example.com", "is_active": true, "is_staff": false, "is_superuser": false, "avatar": "default_seeker_avatar.png", "user_type": "pet_seeker", "name": "super_seeker1", "address": "", "phone_number": "", "description": "", "groups": [], "user_permissions": []}}, {"model": "accounts.user", "pk": 3, "fields": {"password": "pbkdf2_sha256$600000$zHXXOROoQyPG9l2DdLUazV$MKgKekkxx9LuWjMAncjd0xGL3r0MAtVk+waa/eF2Ku4=", "last_login": null, "email": "seeker2@example.com", "is_active": true, "is_staff": false, "is_superuser": false, "avatar": "users/default_avatar", "user_type": "pet_seeker", "name": "", "address": "", "phone_number": "", "description": "", "groups": [], "user_permissions": []}}, {"model": "accounts.user", "pk": 4, "fields": {"password": "pbkdf2_sha256$600000$754s7sVmqjfkpTJA0oRSQF$6rueIsuY7FAWO/rZFiX/4GfIWQpkgiI+t/pd65P8mIQ=", "last_login": null, "email": "shelter1@example.com", "is_active": true, "is_staff": false, "is_superuser": false, "avatar": "static/images/default_shelter_avatar.png", "user_type": "shelter", "name": "nice_shelter1", "address": "Uoft", "phone_number": "123456789", "description": "good", "groups": [], "user_permissions": []}}, {"model": "accounts.user", "pk": 5, "fields": {"password": "pbkdf2_sha256$600000$Mo6LUd1eUk9yOebeMhdA50$JckeGEQWlIczXUpx+N2D+T7WA4sLcSeu4kEMDir1StU=", "last_login": null, "email": "shelter2@example.com", "is_active": true, "is_staff": false, "is_superuser": false, "avatar": "IMG_5416.JPG", "user_type": "shelter", "name": "nice_shelter2", "address": "33 Gerrard St. W", "phone_number": "12345", "description": "nice shelter", "groups": [], "user_permissions": []}}, {"model": "accounts.user", "pk": 6, "fields": {"password": "pbkdf2_sha256$600000$KKjW7HULqMANWXlhKiMWpx$rT5VCrZWKB5Zeq0B6fycLfO2D1TlgIGBPfyQ7u5vY7I=", "last_login": "2023-12-07T17:18:43.396Z", "email": "hanli@mail.com", "is_active": true, "is_staff": true, "is_superuser": true, "avatar": "users/default_avatar", "user_type": "pet_seeker", "name": "", "address": "", "phone_number": "", "description": "", "groups": [], "user_permissions": []}}, {"model": "accounts.user", "pk": 8, "fields": {"password": "pbkdf2_sha256$600000$TyIYyD9vaxiElQZMHVudiL$ZW87qXyniKJQqliljp5WjGH9gYNxX5PsKEYxP3SCZnE=", "last_login": "2023-12-05T23:30:55.876Z", "email": "jimschenchen@gmail.com", "is_active": true, "is_staff": true, "is_superuser": true, "avatar": "IMG_5498.JPG", "user_type": "pet_seeker", "name": "1", "address": "", "phone_number": "", "description": "", "groups": [], "user_permissions": []}}, {"model": "accounts.user", "pk": 9, "fields": {"password": "pbkdf2_sha256$600000$6BEKnycehf30GoJe3gmeyd$vQBGO8KBO+xDRrUhXcz4exB8n79KWHTbt/jM2SitVHk=", "last_login": null, "email": "seeker123@example.com", "is_active": true, "is_staff": false, "is_superuser": false, "avatar": "users/default_avatar", "user_type": "pet_seeker", "name": "Test account", "address": "", "phone_number": "", "description": "", "groups": [], "user_permissions": []}}, {"model": "accounts.user", "pk": 10, "fields": {"password": "12345", "last_login": null, "email": "seeker5@example.com", "is_active": true, "is_staff": false, "is_superuser": false, "avatar": "users/default_avatar", "user_type": "pet_seeker", "name": "seeker5", "address": "", "phone_number": "", "description": "", "groups": [], "user_permissions": []}}, {"model": "accounts.user", "pk": 11, "fields": {"password": "pbkdf2_sha256$600000$DcrL4de1thczps1VEQPtoT$m8ccehm1VJGwrcSDfTzBfBCzHfKiSn/341SxBTAlmS4=", "last_login": null, "email": "seekerj@mail.com", "is_active": true, "is_staff": false, "is_superuser": false, "avatar": "users/default_avatar", "user_type": "pet_seeker", "name": "HANLI", "address": "", "phone_number": "", "description": "", "groups": [], "user_permissions": []}}, {"model": "accounts.user", "pk": 12, "fields": {"password": "pbkdf2_sha256$600000$VkMVZD6F59DkKaKoq7FY9m$IYU7LhgQzkMriLtwjupC3jLr4y46QVw1ocivVXFlyug=", "last_login": null, "email": "test@test.com", "is_active": true, "is_staff": false, "is_superuser": false, "avatar": "users/default_avatar", "user_type": "pet_seeker", "name": "test-seeker", "address": "", "phone_number": "", "description": "", "groups": [], "user_permissions": []}}, {"model": "accounts.user", "pk": 14, "fields": {"password": "pbkdf2_sha256$600000$OsJFWEl03hTAD1asjOR8KC$4kPnQsTAkTY+9nKOOVxKN+wA1wKEsJb7MTqq22JaiyY=", "last_login": null, "email": "testestes@example.com", "is_active": true, "is_staff": false, "is_superuser": false, "avatar": "users/default_avatar", "user_type": "pet_seeker", "name": "", "address": "", "phone_number": "", "description": "", "groups": [], "user_permissions": []}}, {"model": "accounts.user", "pk": 17, "fields": {"password": "pbkdf2_sha256$600000$IEjgO8e8idc09ArLviEz1R$NS2osamAo6pPQ2HmQ+E7F4NvZXgU+atNHE0Iu7bq5PY=", "last_login": "2023-12-08T23:09:08.143Z", "email": "brianhomanchon@gmail.com", "is_active": true, "is_staff": false, "is_superuser": false, "avatar": "users/default_avatar", "user_type": "pet_seeker", "name": "", "address": "", "phone_number": "", "description": "", "groups": [], "user_permissions": []}}, {"model": "accounts.user", "pk": 18, "fields": {"password": "pbkdf2_sha256$600000$DLGLnLbBYMLz6REGI8f0Na$izsFtvQdxfVDFpLojUq0EI9++M+FVKTgeuPjNKDRyoI=", "last_login": "2023-12-08T23:09:56.352Z", "email": "hanlijiang125@gmail.com", "is_active": true, "is_staff": false, "is_superuser": false, "avatar": "users/default_avatar", "user_type": "pet_seeker", "name": "", "address": "", "phone_number": "", "description": "", "groups": [], "user_permissions": []}}, {"model": "accounts.user", "pk": 19, "fields": {"password": "pbkdf2_sha256$600000$Xyho5zOT79GJhESnyKlZud$ikmL3DEDtMoVWvMXPBUZRxAEfF4B7nsfIFEZzZIkrUg=", "last_login": null, "email": "shelter3@example.com", "is_active": true, "is_staff": false, "is_superuser": false, "avatar": "users/default_avatar", "user_type": "shelter", "name": "Shelter 3", "address": "", "phone_number": "", "description": "", "groups": [], "user_permissions": []}}, {"model": "accounts.user", "pk": 20, "fields": {"password": "pbkdf2_sha256$600000$QU0PytAKUJcIDCZeUlOUBN$NjPLJwixhYzB+mlSK4kJJ8BD9oJxOYSlnmjY0guXMfo=", "last_login": null, "email": "jimschenchen1@gmail.com", "is_active": true, "is_staff": false, "is_superuser": false, "avatar": "static/images/default_seeker_avatar.png", "user_type": "pet_seeker", "name": "", "address": "", "phone_number": "", "description": "", "groups": [], "user_permissions": []}}, {"model": "accounts.user", "pk": 23, "fields": {"password": "pbkdf2_sha256$600000$TEbssVlnxxVxqn0oJLXWr8$i5ONLYR53vLW0pIeSTGLrLtpXtVaMpIZ7dJZ9pjYzRs=", "last_login": null, "email": "seekert@mail.com", "is_active": true, "is_staff": false, "is_superuser": false, "avatar": "static/images/default_seeker_avatar.png", "user_type": "pet_seeker", "name": "", "address": "", "phone_number": "", "description": "", "groups": [], "user_permissions": []}}, {"model": "accounts.user", "pk": 24, "fields": {"password": "pbkdf2_sha256$600000$xsjc4K8b7uZrAmJ0GawMzL$ja6pZqPSRhpHVlqNEo7Z1KwKlA1O3+md96w1w+KxMHE=", "last_login": null, "email": "sheltert@mail.com", "is_active": true, "is_staff": false, "is_superuser": false, "avatar": "static/images/default_seeker_avatar.png", "user_type": "shelter", "name": "", "address": "", "phone_number": "", "description": "", "groups": [], "user_permissions": []}}, {"model": "accounts.user", "pk": 27, "fields": {"password": "pbkdf2_sha256$600000$XEqf51247M4EhhrpOyWmG5$OS0xdsNnWLPCePN7uuKg/Ix3mfNl9B48rlDBo8f0+EQ=", "last_login": null, "email": "sheltery@mail.com", "is_active": true, "is_staff": false, "is_superuser": false, "avatar": "static/images/default_seeker_avatar.png", "user_type": "shelter", "name": "", "address": "", "phone_number": "", "description": "", "groups": [], "user_permissions": []}}, {"model": "comments.comment", "pk": 1, "fields": {"sender": 2, "content_type": 8, "object_id": 4, "creation_time": "2023-11-19T22:40:56.938Z", "message": "This is shelter comment 1", "image": "", "rating": null}}, {"model": "comments.comment", "pk": 2, "fields": {"sender": 2, "content_type": 8, "object_id": 4, "creation_time": "2023-11-19T22:41:01.962Z", "message": "This is shelter comment 2", "image": "", "rating": null}}, {"model": "comments.comment", "pk": 3, "fields": {"sender": 2, "content_type": 8, "object_id": 4, "creation_time": "2023-11-19T22:41:05.147Z", "message": "This is shelter comment 3", "image": "", "rating": null}}, {"model": "comments.comment", "pk": 4, "fields": {"sender": 2, "content_type": 8, "object_id": 4, "creation_time": "2023-11-19T22:41:08.935Z", "message": "This is shelter comment 4", "image": "", "rating": null}}, {"model": "comments.comment", "pk": 5, "fields": {"sender": 2, "content_type": 7, "object_id": 1, "creation_time": "2023-11-19T22:41:58.500Z", "message": "This is application comment 1", "image": "Mr-Mrs-Miss-Ms.-1.jpg.webp", "rating": null}}, {"model": "comments.comment", "pk": 6, "fields": {"sender": 2, "content_type": 7, "object_id": 1, "creation_time": "2023-11-19T22:42:12.896Z", "message": "This is application comment 2", "image": "", "rating": null}}, {"model": "comments.comment", "pk": 7, "fields": {"sender": 2, "content_type": 7, "object_id": 1, "creation_time": "2023-11-19T22:42:15.940Z", "message": "This is application comment 3", "image": "", "rating": null}}, {"model": "comments.comment", "pk": 8, "fields": {"sender": 2, "content_type": 7, "object_id": 1, "creation_time": "2023-11-19T22:42:20.004Z", "message": "This is application comment 4", "image": "", "rating": null}}, {"model": "comments.comment", "pk": 9, "fields": {"sender": 2, "content_type": 8, "object_id": 4, "creation_time": "2023-12-06T22:16:51.932Z", "message": "This is shelter comment", "image": "", "rating": null}}, {"model": "comments.comment", "pk": 10, "fields": {"sender": 2, "content_type": 8, "object_id": 4, "creation_time": "2023-12-06T22:16:53.404Z", "message": "This is shelter comment", "image": "", "rating": null}}, {"model": "comments.comment", "pk": 11, "fields": {"sender": 2, "content_type": 8, "object_id": 4, "creation_time": "2023-12-06T22:16:54.496Z", "message": "This is shelter comment", "image": "", "rating": null}}, {"model": "comments.comment", "pk": 12, "fields": {"sender": 2, "content_type": 8, "object_id": 4, "creation_time": "2023-12-06T22:16:55.338Z", "message": "This is shelter comment", "image": "", "rating": null}}, {"model": "comments.comment", "pk": 13, "fields": {"sender": 2, "content_type": 8, "object_id": 4, "creation_time": "2023-12-06T22:16:56.222Z", "message": "This is shelter comment", "image": "", "rating": null}}, {"model": "comments.comment", "pk": 14, "fields": {"sender": 2, "content_type": 8, "object_id": 4, "creation_time": "2023-12-06T22:16:57.031Z", "message": "This is shelter comment", "image": "", "rating": null}}, {"model": "comments.comment", "pk": 15, "fields": {"sender": 2, "content_type": 8, "object_id": 4, "creation_time": "2023-12-06T22:16:57.795Z", "message": "This is shelter comment", "image": "", "rating": null}}, {"model": "comments.comment", "pk": 16, "fields": {"sender": 2, "content_type": 8, "object_id": 4, "creation_time": "2023-12-06T22:16:58.603Z", "message": "This is shelter comment", "image": "", "rating": null}}, {"model": "comments.comment", "pk": 17, "fields": {"sender": 2, "content_type": 8, "object_id": 4, "creation_time": "2023-12-06T22:16:59.414Z", "message": "This is shelter comment", "image": "", "rating": null}}, {"model": "comments.comment", "pk": 18, "fields": {"sender": 2, "content_type": 8, "object_id": 4, "creation_time": "2023-12-06T22:17:00.223Z", "message": "This is shelter comment", "image": "", "rating": null}}, {"model": "comments.comment", "pk": 19, "fields": {"sender": 2, "content_type": 7, "object_id": 1, "creation_time": "2023-12-07T02:31:48.436Z", "message": "This is application comment", "image": "", "rating": null}}, {"model": "comments.comment", "pk": 20, "fields": {"sender": 2, "content_type": 7, "object_id": 1, "creation_time": "2023-12-07T02:32:00.913Z", "message": "hello", "image": "", "rating": null}}, {"model": "comments.comment", "pk": 21, "fields": {"sender": 2, "content_type": 7, "object_id": 1, "creation_time": "2023-12-07T02:32:06.148Z", "message": "hello", "image": "", "rating": null}}, {"model": "comments.comment", "pk": 22, "fields": {"sender": 5, "content_type": 7, "object_id": 1, "creation_time": "2023-12-07T02:32:27.453Z", "message": "hi1", "image": "", "rating": null}}, {"model": "comments.comment", "pk": 23, "fields": {"sender": 5, "content_type": 7, "object_id": 1, "creation_time": "2023-12-07T02:32:31.408Z", "message": "hi2", "image": "", "rating": null}}, {"model": "comments.comment", "pk": 24, "fields": {"sender": 4, "content_type": 8, "object_id": 4, "creation_time": "2023-12-07T02:38:28.474Z", "message": "hello", "image": "", "rating": null}}, {"model": "comments.comment", "pk": 25, "fields": {"sender": 4, "content_type": 8, "object_id": 4, "creation_time": "2023-12-07T02:40:32.025Z", "message": "nihao", "image": "", "rating": null}}, {"model": "comments.comment", "pk": 26, "fields": {"sender": 4, "content_type": 8, "object_id": 4, "creation_time": "2023-12-07T02:40:46.028Z", "message": "nihao", "image": "", "rating": null}}, {"model": "comments.comment", "pk": 27, "fields": {"sender": 4, "content_type": 8, "object_id": 4, "creation_time": "2023-12-07T02:41:17.319Z", "message": "nihao", "image": "", "rating": null}}, {"model": "comments.comment", "pk": 28, "fields": {"sender": 5, "content_type": 7, "object_id": 1, "creation_time": "2023-12-07T07:08:43.386Z", "message": "f", "image": "", "rating": null}}, {"model": "comments.comment", "pk": 30, "fields": {"sender": 5, "content_type": 7, "object_id": 1, "creation_time": "2023-12-07T07:22:50.708Z", "message": "hi2", "image": "", "rating": null}}, {"model": "comments.comment", "pk": 31, "fields": {"sender": 5, "content_type": 7, "object_id": 1, "creation_time": "2023-12-07T07:23:31.242Z", "message": "hi2", "image": "", "rating": null}}, {"model": "comments.comment", "pk": 32, "fields": {"sender": 5, "content_type": 7, "object_id": 1, "creation_time": "2023-12-07T07:28:56.063Z", "message": "ok", "image": "", "rating": null}}, {"model": "comments.comment", "pk": 33, "fields": {"sender": 5, "content_type": 7, "object_id": 1, "creation_time": "2023-12-07T07:29:31.693Z", "message": "testing again", "image": "", "rating": null}}, {"model": "comments.comment", "pk": 34, "fields": {"sender": 5, "content_type": 7, "object_id": 1, "creation_time": "2023-12-07T07:31:27.356Z", "message": "hi again", "image": "", "rating": null}}, {"model": "comments.comment", "pk": 35, "fields": {"sender": 5, "content_type": 7, "object_id": 1, "creation_time": "2023-12-07T07:32:01.574Z", "message": "hello?", "image": "", "rating": null}}, {"model": "comments.comment", "pk": 36, "fields": {"sender": 2, "content_type": 7, "object_id": 1, "creation_time": "2023-12-07T18:54:58.056Z", "message": "hi", "image": "", "rating": null}}, {"model": "comments.comment", "pk": 37, "fields": {"sender": 2, "content_type": 7, "object_id": 1, "creation_time": "2023-12-07T18:55:12.692Z", "message": "hi", "image": "", "rating": null}}, {"model": "comments.comment", "pk": 38, "fields": {"sender": 2, "content_type": 7, "object_id": 1, "creation_time": "2023-12-07T18:55:40.690Z", "message": "hi this is a comment", "image": "", "rating": null}}, {"model": "comments.comment", "pk": 39, "fields": {"sender": 4, "content_type": 7, "object_id": 2, "creation_time": "2023-12-07T19:25:33.765Z", "message": "hello", "image": "", "rating": null}}, {"model": "comments.comment", "pk": 40, "fields": {"sender": 2, "content_type": 8, "object_id": 5, "creation_time": "2023-12-07T19:46:23.068Z", "message": "very good shelter", "image": "", "rating": null}}, {"model": "comments.comment", "pk": 41, "fields": {"sender": 2, "content_type": 7, "object_id": 3, "creation_time": "2023-12-07T19:58:16.880Z", "message": "hello", "image": "", "rating": null}}, {"model": "comments.comment", "pk": 42, "fields": {"sender": 4, "content_type": 7, "object_id": 2, "creation_time": "2023-12-07T21:09:02.885Z", "message": "test", "image": "", "rating": null}}, {"model": "comments.comment", "pk": 43, "fields": {"sender": 4, "content_type": 7, "object_id": 2, "creation_time": "2023-12-07T21:09:04.697Z", "message": "test", "image": "", "rating": null}}, {"model": "comments.comment", "pk": 44, "fields": {"sender": 4, "content_type": 7, "object_id": 2, "creation_time": "2023-12-07T21:09:06.036Z", "message": "test", "image": "", "rating": null}}, {"model": "comments.comment", "pk": 45, "fields": {"sender": 4, "content_type": 7, "object_id": 2, "creation_time": "2023-12-07T21:09:07.995Z", "message": "test", "image": "", "rating": null}}, {"model": "comments.comment", "pk": 46, "fields": {"sender": 4, "content_type": 7, "object_id": 2, "creation_time": "2023-12-07T21:09:09.487Z", "message": "test", "image": "", "rating": null}}, {"model": "comments.comment", "pk": 47, "fields": {"sender": 4, "content_type": 7, "object_id": 2, "creation_time": "2023-12-07T21:09:15.328Z", "message": "test", "image": "", "rating": null}}, {"model": "comments.comment", "pk": 48, "fields": {"sender": 4, "content_type": 8, "object_id": 4, "creation_time": "2023-12-07T21:27:51.226Z", "message": "Hello everyone!", "image": "", "rating": null}}, {"model": "comments.comment", "pk": 49, "fields": {"sender": 4, "content_type": 7, "object_id": 2, "creation_time": "2023-12-07T21:54:00.775Z", "message": "test", "image": "", "rating": null}}, {"model": "comments.comment", "pk": 50, "fields": {"sender": 4, "content_type": 7, "object_id": 2, "creation_time": "2023-12-07T21:54:02.571Z", "message": "test", "image": "", "rating": null}}, {"model": "comments.comment", "pk": 51, "fields": {"sender": 4, "content_type": 7, "object_id": 2, "creation_time": "2023-12-07T22:07:33.685Z", "message": "test2", "image": "", "rating": null}}, {"model": "comments.comment", "pk": 52, "fields": {"sender": 4, "content_type": 7, "object_id": 2, "creation_time": "2023-12-07T22:08:00.256Z", "message": "test3", "image": "", "rating": null}}, {"model": "comments.comment", "pk": 53, "fields": {"sender": 4, "content_type": 7, "object_id": 2, "creation_time": "2023-12-07T22:19:28.353Z", "message": "test4", "image": "", "rating": null}}, {"model": "comments.comment", "pk": 54, "fields": {"sender": 4, "content_type": 7, "object_id": 2, "creation_time": "2023-12-07T22:19:30.823Z", "message": "test 5", "image": "", "rating": null}}, {"model": "comments.comment", "pk": 55, "fields": {"sender": 4, "content_type": 7, "object_id": 2, "creation_time": "2023-12-07T22:19:33.879Z", "message": "tst 6", "image": "", "rating": null}}, {"model": "comments.comment", "pk": 56, "fields": {"sender": 4, "content_type": 7, "object_id": 2, "creation_time": "2023-12-07T22:19:37.401Z", "message": "test 7", "image": "", "rating": null}}, {"model": "comments.comment", "pk": 57, "fields": {"sender": 4, "content_type": 7, "object_id": 2, "creation_time": "2023-12-07T22:20:27.079Z", "message": "test 8", "image": "", "rating": null}}, {"model": "comments.comment", "pk": 58, "fields": {"sender": 4, "content_type": 7, "object_id": 3, "creation_time": "2023-12-07T22:22:52.117Z", "message": "hi", "image": "", "rating": null}}, {"model": "comments.comment", "pk": 59, "fields": {"sender": 4, "content_type": 7, "object_id": 3, "creation_time": "2023-12-07T22:23:36.513Z", "message": "nihao", "image": "", "rating": null}}, {"model": "comments.comment", "pk": 60, "fields": {"sender": 4, "content_type": 7, "object_id": 3, "creation_time": "2023-12-07T22:24:17.635Z", "message": "1", "image": "", "rating": null}}, {"model": "comments.comment", "pk": 61, "fields": {"sender": 4, "content_type": 7, "object_id": 3, "creation_time": "2023-12-07T22:25:48.414Z", "message": "2", "image": "", "rating": null}}, {"model": "comments.comment", "pk": 62, "fields": {"sender": 4, "content_type": 7, "object_id": 3, "creation_time": "2023-12-07T22:36:04.142Z", "message": "1", "image": "", "rating": null}}, {"model": "comments.comment", "pk": 63, "fields": {"sender": 4, "content_type": 7, "object_id": 3, "creation_time": "2023-12-07T22:36:59.506Z", "message": "11", "image": "", "rating": null}}, {"model": "comments.comment", "pk": 64, "fields": {"sender": 4, "content_type": 7, "object_id": 3, "creation_time": "2023-12-07T22:37:05.470Z", "message": "12", "image": "", "rating": null}}, {"model": "comments.comment", "pk": 65, "fields": {"sender": 4, "content_type": 7, "object_id": 3, "creation_time": "2023-12-07T22:37:08.083Z", "message": "12", "image": "", "rating": null}}, {"model": "comments.comment", "pk": 66, "fields": {"sender": 12, "content_type": 8, "object_id": 5, "creation_time": "2023-12-08T00:29:46.450Z", "message": "good shetler - tester", "image": "", "rating": null}}, {"model": "comments.comment", "pk": 67, "fields": {"sender": 12, "content_type": 7, "object_id": 5, "creation_time": "2023-12-08T00:30:41.299Z", "message": "hi", "image": "", "rating": null}}, {"model": "comments.comment", "pk": 68, "fields": {"sender": 12, "content_type": 7, "object_id": 5, "creation_time": "2023-12-08T00:30:48.958Z", "message": "hi2", "image": "", "rating": null}}, {"model": "comments.comment", "pk": 69, "fields": {"sender": 2, "content_type": 7, "object_id": 3, "creation_time": "2023-12-08T07:12:17.647Z", "message": "12", "image": "", "rating": null}}, {"model": "comments.comment", "pk": 70, "fields": {"sender": 2, "content_type": 8, "object_id": 5, "creation_time": "2023-12-09T05:41:11.780Z", "message": "nice shelter", "image": "", "rating": null}}, {"model": "comments.comment", "pk": 71, "fields": {"sender": 2, "content_type": 8, "object_id": 5, "creation_time": "2023-12-09T05:41:28.370Z", "message": "nice shelter", "image": "", "rating": null}}, {"model": "comments.comment", "pk": 72, "fields": {"sender": 2, "content_type": 8, "object_id": 5, "creation_time": "2023-12-09T05:44:38.173Z", "message": "testing", "image": "", "rating": null}}, {"model": "comments.comment", "pk": 73, "fields": {"sender": 2, "content_type": 8, "object_id": 5, "creation_time": "2023-12-09T05:46:01.350Z", "message": "testing", "image": "", "rating": null}}, {"model": "comments.comment", "pk": 74, "fields": {"sender": 2, "content_type": 8, "object_id": 5, "creation_time": "2023-12-09T06:33:07.516Z", "message": "testing", "image": "", "rating": 3}}, {"model": "comments.comment", "pk": 75, "fields": {"sender": 4, "content_type": 8, "object_id": 4, "creation_time": "2023-12-09T11:32:24.458Z", "message": "I love this shelter", "image": "", "rating": 5}}, {"model": "comments.comment", "pk": 76, "fields": {"sender": 4, "content_type": 8, "object_id": 4, "creation_time": "2023-12-09T13:20:04.329Z", "message": "test comment", "image": "", "rating": null}}, {"model": "comments.comment", "pk": 77, "fields": {"sender": 4, "content_type": 8, "object_id": 4, "creation_time": "2023-12-09T13:20:16.044Z", "message": "testing", "image": "", "rating": 4}}, {"model": "comments.comment", "pk": 78, "fields": {"sender": 4, "content_type": 8, "object_id": 4, "creation_time": "2023-12-09T13:26:55.400Z", "message": "test again", "image": "", "rating": 5}}, {"model": "comments.comment", "pk": 79, "fields": {"sender": 4, "content_type": 8, "object_id": 4, "creation_time": "2023-12-09T19:15:57.610Z", "message": "nice!!", "image": "", "rating": 5}}, {"model": "comments.comment", "pk": 80, "fields": {"sender": 2, "content_type": 7, "object_id": 7, "creation_time": "2023-12-09T20:40:42.172Z", "message": "Hi! Any updates?", "image": "", "rating": null}}, {"model": "comments.comment", "pk": 81, "fields": {"sender": 4, "content_type": 7, "object_id": 7, "creation_time": "2023-12-09T20:41:16.908Z", "message": "Not yet bro", "image": "", "rating": null}}, {"model": "comments.comment", "pk": 82, "fields": {"sender": 4, "content_type": 8, "object_id": 4, "creation_time": "2023-12-09T20:47:29.041Z", "message": "This is the best shelter!", "image": "", "rating": 5}}, {"model": "comments.comment", "pk": 83, "fields": {"sender": 2, "content_type": 8, "object_id": 4, "creation_time": "2023-12-09T20:50:07.467Z", "message": "THis is bad!", "image": "", "rating": 1}}, {"model": "comments.comment", "pk": 84, "fields": {"sender": 2, "content_type": 8, "object_id": 4, "creation_time": "2023-12-09T20:50:25.905Z", "message": "ok some back", "image": "", "rating": 3}}, {"model": "comments.comment", "pk": 85, "fields": {"sender": 2, "content_type": 8, "object_id": 4, "creation_time": "2023-12-09T20:50:37.680Z", "message": "A bit better", "image": "", "rating": 5}}, {"model": "comments.comment", "pk": 86, "fields": {"sender": 2, "content_type": 8, "object_id": 4, "creation_time": "2023-12-09T20:50:49.080Z", "message": "hi", "image": "", "rating": 5}}, {"model": "comments.comment", "pk": 87, "fields": {"sender": 2, "content_type": 8, "object_id": 4, "creation_time": "2023-12-09T20:50:56.126Z", "message": "ok", "image": "", "rating": 5}}, {"model": "comments.comment", "pk": 88, "fields": {"sender": 4, "content_type": 7, "object_id": 7, "creation_time": "2023-12-09T21:16:09.313Z", "message": "hello", "image": "", "rating": null}}, {"model": "pets.pet", "pk": 1, "fields": {"shelter": 4, "status": "pending", "image": "static/images/default_pet_image.png", "name": "Alan", "breed": "British Shorthair", "color": "blue", "size": "1", "age": 1, "gender": "male", "description": null, "medical_history": null, "behavior": null, "addition": null, "last_updated_time": "2023-12-09T00:08:03.668Z", "created_time": "2023-12-09T00:08:03.619Z"}}, {"model": "pets.pet", "pk": 2, "fields": {"shelter": 4, "status": "available", "image": "static/images/default_pet_image.png", "name": "Brad2", "breed": "British Shorthair", "color": "white", "size": "2", "age": 2, "gender": "male", "description": null, "medical_history": null, "behavior": null, "addition": null, "last_updated_time": "2023-12-09T00:08:03.668Z", "created_time": "2023-12-09T00:08:03.619Z"}}, {"model": "pets.pet", "pk": 3, "fields": {"shelter": 5, "status": "available", "image": "85120553.webp", "name": "Connie", "breed": "Golden Retriever", "color": "yellow", "size": "3", "age": 3, "gender": "female", "description": "", "medical_history": "", "behavior": "", "addition": "", "last_updated_time": "2023-12-09T00:08:03.668Z", "created_time": "2023-12-09T00:08:03.619Z"}}, {"model": "pets.pet", "pk": 4, "fields": {"shelter": 5, "status": "withdrawn", "image": "static/images/default_pet_image.png", "name": "Dobby", "breed": "house elf", "color": "gray", "size": "2", "age": 500, "gender": "male", "description": "Dobby is free!", "medical_history": "", "behavior": "", "addition": "", "last_updated_time": "2023-12-09T00:08:03.668Z", "created_time": "2023-12-09T00:08:03.619Z"}}, {"model": "pets.pet", "pk": 5, "fields": {"shelter": 4, "status": "available", "image": "static/images/default_pet_image.png", "name": "Eddy2", "breed": "Russian blue cat", "color": "blue", "size": "2", "age": 3, "gender": "male", "description": "null", "medical_history": "null", "behavior": "null", "addition": null, "last_updated_time": "2023-12-09T00:08:03.668Z", "created_time": "2023-12-09T00:08:03.619Z"}}, {"model": "pets.pet", "pk": 6, "fields": {"shelter": 4, "status": "available", "image": "8ca423b0-c20d-498b-9b52-8d4eb39af70a-1210-680.jpg", "name": "fiddle", "breed": "chihuahua", "color": "brown", "size": "1", "age": 2, "gender": "female", "description": "null", "medical_history": "null", "behavior": "null", "addition": null, "last_updated_time": "2023-12-09T00:08:03.668Z", "created_time": "2023-12-09T00:08:03.619Z"}}, {"model": "pets.pet", "pk": 7, "fields": {"shelter": 2, "status": "available", "image": "static/images/default_pet_image.png", "name": "1", "breed": "1", "color": "1", "size": "1", "age": 1, "gender": "male", "description": "", "medical_history": "", "behavior": "", "addition": "", "last_updated_time": "2023-12-09T00:08:03.668Z", "created_time": "2023-12-09T00:08:03.619Z"}}, {"model": "pets.pet", "pk": 8, "fields": {"shelter": 19, "status": "available", "image": "static/images/default_pet_image.png", "name": "1", "breed": "1", "color": "1", "size": "2", "age": 1, "gender": "male", "description": "", "medical_history": "", "behavior": "", "addition": "", "last_updated_time": "2023-12-09T03:26:24.051Z", "created_time": "2023-12-09T00:08:03.619Z"}}, {"model": "pets.pet", "pk": 9, "fields": {"shelter": 2, "status": "available", "image": "static/images/default_pet_image.png", "name": "1", "breed": "1", "color": "1", "size": "2", "age": 1, "gender": "female", "description": "", "medical_history": "", "behavior": "", "addition": "", "last_updated_time": "2023-12-09T00:08:03.668Z", "created_time": "2023-12-09T00:08:03.619Z"}}, {"model": "pets.pet", "pk": 10, "fields": {"shelter": 19, "status": "available", "image": "static/images/default_pet_image.png", "name": "1", "breed": "1", "color": "1", "size": "1", "age": 0, "gender": "male", "description": "", "medical_history": "", "behavior": "", "addition": "", "last_updated_time": "2023-12-09T03:27:47.488Z", "created_time": "2023-12-09T00:08:03.619Z"}}, {"model": "pets.pet", "pk": 12, "fields": {"shelter": 4, "status": "available", "image": "static/images/default_pet_image.png", "name": "test", "breed": "chihuahua", "color": "brown", "size": "1", "age": 2, "gender": "female", "description": "", "medical_history": "", "behavior": "", "addition": "", "last_updated_time": "2023-12-09T03:27:55.782Z", "created_time": "2023-12-09T00:08:03.619Z"}}, {"model": "pets.pet", "pk": 14, "fields": {"shelter": 4, "status": "available", "image": "static/images/default_pet_image.png", "name": "test", "breed": "chihuahua", "color": "brown", "size": "1", "age": 2, "gender": "female", "description": null, "medical_history": null, "behavior": null, "addition": null, "last_updated_time": "2023-12-09T00:08:03.668Z", "created_time": "2023-12-09T00:08:03.619Z"}}, {"model": "pets.pet", "pk": 15, "fields": {"shelter": 4, "status": "available", "image": "static/images/default_pet_image.png", "name": "test", "breed": "chihuahua", "color": "brown", "size": "1", "age": 2, "gender": "female", "description": null, "medical_history": null, "behavior": null, "addition": null, "last_updated_time": "2023-12-09T00:08:03.668Z", "created_time": "2023-12-09T00:08:03.619Z"}}, {"model": "pets.pet", "pk": 16, "fields": {"shelter": 4, "status": "available", "image": "static/images/default_pet_image.png", "name": "test", "breed": "chihuahua", "color": "brown", "size": "1", "age": 2, "gender": "female", "description": null, "medical_history": null, "behavior": null, "addition": null, "last_updated_time": "2023-12-09T00:08:03.668Z", "created_time": "2023-12-09T00:08:03.619Z"}}, {"model": "pets.pet", "pk": 17, "fields": {"shelter": 4, "status": "available", "image": "static/images/default_pet_image.png", "name": "test", "breed": "chihuahua", "color": "brown", "size": "1", "age": 2, "gender": "female", "description": null, "medical_history": null, "behavior": null, "addition": null, "last_updated_time": "2023-12-09T00:08:03.668Z", "created_time": "2023-12-09T00:08:03.619Z"}}, {"model": "pets.pet", "pk": 18, "fields": {"shelter": 4, "status": "available", "image": "static/images/default_pet_image.png", "name": "test", "breed": "chihuahua", "color": "brown", "size": "1", "age": 2, "gender": "female", "description": null, "medical_history": null, "behavior": null, "addition": null, "last_updated_time": "2023-12-09T00:08:03.668Z", "created_time": "2023-12-09T00:08:03.619Z"}}, {"model": "pets.pet", "pk": 19, "fields": {"shelter": 4, "status": "withdrawn", "image": "static/images/default_pet_image.png", "name": "test", "breed": "chihuahua", "color": "brown", "size": "1", "age": 2, "gender": "female", "description": "", "medical_history": "", "behavior": "", "addition": "", "last_updated_time": "2023-12-09T01:08:04.062Z", "created_time": "2023-12-09T00:08:03.619Z"}}, {"model": "pets.pet", "pk": 20, "fields": {"shelter": 4, "status": "available", "image": "static/images/default_pet_image.png", "name": "test", "breed": "chihuahua", "color": "brown", "size": "1", "age": 2, "gender": "female", "description": null, "medical_history": null, "behavior": null, "addition": null, "last_updated_time": "2023-12-09T00:08:03.668Z", "created_time": "2023-12-09T00:08:03.619Z"}}, {"model": "pets.pet", "pk": 21, "fields": {"shelter": 4, "status": "available", "image": "static/images/default_pet_image.png", "name": "test", "breed": "chihuahua", "color": "brown", "size": "1", "age": 2, "gender": "female", "description": null, "medical_history": null, "behavior": null, "addition": null, "last_updated_time": "2023-12-09T00:08:03.668Z", "created_time": "2023-12-09T00:08:03.619Z"}}, {"model": "pets.pet", "pk": 22, "fields": {"shelter": 4, "status": "available", "image": "static/images/default_pet_image.png", "name": "test", "breed": "chihuahua", "color": "brown", "size": "1", "age": 2, "gender": "female", "description": null, "medical_history": null, "behavior": null, "addition": null, "last_updated_time": "2023-12-09T00:08:03.668Z", "created_time": "2023-12-09T00:08:03.619Z"}}, {"model": "pets.pet", "pk": 23, "fields": {"shelter": 4, "status": "available", "image": "static/images/default_pet_image.png", "name": "test", "breed": "chihuahua", "color": "brown", "size": "1", "age": 2, "gender": "female", "description": null, "medical_history": null, "behavior": null, "addition": null, "last_updated_time": "2023-12-09T00:08:03.668Z", "created_time": "2023-12-09T00:08:03.619Z"}}, {"model": "pets.pet", "pk": 24, "fields": {"shelter": 4, "status": "pending", "image": "static/images/default_pet_image.png", "name": "test", "breed": "chihuahua", "color": "brown", "size": "1", "age": 2, "gender": "female", "description": "", "medical_history": "", "behavior": "", "addition": "", "last_updated_time": "2023-12-09T01:07:52.512Z", "created_time": "2023-12-09T00:08:03.619Z"}}, {"model": "pets.pet", "pk": 25, "fields": {"shelter": 4, "status": "available", "image": "static/images/default_pet_image.png", "name": "test", "breed": "chihuahua", "color": "brown", "size": "1", "age": 2, "gender": "female", "description": null, "medical_history": null, "behavior": null, "addition": null, "last_updated_time": "2023-12-09T00:08:03.668Z", "created_time": "2023-12-09T00:08:03.619Z"}}, {"model": "pets.pet", "pk": 26, "fields": {"shelter": 4, "status": "adopted", "image": "static/images/default_pet_image.png", "name": "test", "breed": "chihuahua", "color": "brown", "size": "1", "age": 2, "gender": "female", "description": "", "medical_history": "", "behavior": "", "addition": "", "last_updated_time": "2023-12-09T01:07:58.619Z", "created_time": "2023-12-09T00:08:03.619Z"}}, {"model": "pets.pet", "pk": 27, "fields": {"shelter": 4, "status": "available", "image": "static/images/default_pet_image.png", "name": "test", "breed": "chihuahua", "color": "brown", "size": "1", "age": 2, "gender": "female", "description": null, "medical_history": null, "behavior": null, "addition": null, "last_updated_time": "2023-12-09T00:08:03.668Z", "created_time": "2023-12-09T00:08:03.619Z"}}, {"model": "pets.pet", "pk": 28, "fields": {"shelter": 4, "status": "available", "image": "static/images/default_pet_image.png", "name": "test", "breed": "chihuahua", "color": "brown", "size": "1", "age": 2, "gender": "female", "description": null, "medical_history": null, "behavior": null, "addition": null, "last_updated_time": "2023-12-09T00:08:03.668Z", "created_time": "2023-12-09T00:08:03.619Z"}}, {"model": "pets.pet", "pk": 31, "fields": {"shelter": 4, "status": "available", "image": "static/images/default_pet_image.png", "name": "echo_jia", "breed": "cat", "color": "purple", "size": "1", "age": 3, "gender": "female", "description": "beautiful", "medical_history": "none", "behavior": "dance", "addition": "", "last_updated_time": "2023-12-09T00:08:03.668Z", "created_time": "2023-12-09T00:08:03.619Z"}}, {"model": "pets.pet", "pk": 35, "fields": {"shelter": 5, "status": "available", "image": "static/images/default_pet_image.png", "name": "Cute", "breed": "dog", "color": "red", "size": "1", "age": 2, "gender": "male", "description": "", "medical_history": "", "behavior": "", "addition": null, "last_updated_time": "2023-12-09T00:08:03.668Z", "created_time": "2023-12-09T00:08:03.619Z"}}, {"model": "pets.pet", "pk": 36, "fields": {"shelter": 4, "status": "available", "image": "default_pets.png", "name": "Jason 1", "breed": "dog", "color": "white", "size": "1", "age": 12, "gender": "male", "description": "", "medical_history": "", "behavior": "", "addition": "", "last_updated_time": "2023-12-09T04:44:57.582Z", "created_time": "2023-12-09T00:08:03.619Z"}}, {"model": "pets.pet", "pk": 37, "fields": {"shelter": 4, "status": "available", "image": "static/images/default_pet_image.png", "name": "pet2", "breed": "dog", "color": "red", "size": "1", "age": 0, "gender": "female", "description": "2", "medical_history": "2", "behavior": "2", "addition": "", "last_updated_time": "2023-12-09T00:08:03.668Z", "created_time": "2023-12-09T00:08:03.619Z"}}, {"model": "pets.pet", "pk": 38, "fields": {"shelter": 4, "status": "available", "image": "static/images/default_pet_image.png", "name": "imgupdate", "breed": "dog", "color": "red", "size": "1", "age": 2, "gender": "male", "description": "2", "medical_history": "null", "behavior": "null", "addition": null, "last_updated_time": "2023-12-09T00:08:03.668Z", "created_time": "2023-12-09T00:08:03.619Z"}}, {"model": "pets.pet", "pk": 41, "fields": {"shelter": 4, "status": "available", "image": "static/images/default_pet_image.png", "name": "test", "breed": "11", "color": "11", "size": "1", "age": 11, "gender": "female", "description": "", "medical_history": "", "behavior": "", "addition": null, "last_updated_time": "2023-12-09T00:08:03.668Z", "created_time": "2023-12-09T00:08:03.619Z"}}, {"model": "pets.pet", "pk": 42, "fields": {"shelter": 4, "status": "available", "image": "static/images/default_pet_image.png", "name": "test image", "breed": "111", "color": "11", "size": "2", "age": 11, "gender": "female", "description": "", "medical_history": "", "behavior": "", "addition": null, "last_updated_time": "2023-12-09T00:08:03.668Z", "created_time": "2023-12-09T00:08:03.619Z"}}, {"model": "pets.pet", "pk": 43, "fields": {"shelter": 4, "status": "available", "image": "default_seeker_avatar_mNqnkoQ.png", "name": "dog", "breed": "dog", "color": "red", "size": "1", "age": 2, "gender": "male", "description": "2", "medical_history": "2", "behavior": "2", "addition": null, "last_updated_time": "2023-12-09T20:21:08.950Z", "created_time": "2023-12-09T20:21:08.950Z"}}]